Reference,Qty,Value,DNP,Exclude from BOM,Exclude from Board,Footprint,Datasheet,P/N (Digi-Key),Link
C1,1,100u,,,,brunofootprintlib:100uf_CAP_YX_6P3X11_RUB,~,1189-1300-ND,https://www.digikey.com/en/products/detail/rubycon/35ZLH100MEFC6-3X11/3134256
"C2,C3",2,10u,,,,brunofootprintlib:10uf_CAP_YX_5X11_RUB,~,1189-2322-ND,https://www.digikey.com/en/products/detail/rubycon/50YXJ10M5X11/3562914
C4,1,1000u,,,,brunofootprintlib:1000uf_CAP_PK&slash_PZ_10X20_LOW_RUB,~,1189-1745-ND,https://www.digikey.com/en/products/detail/rubycon/35PX1000MEFC10X20/3563769 
"C5,C6,C7",3,0.1u,,,,brunofootprintlib:CAP01uf_C320_KEM,~,399-4264-ND,https://www.digikey.com/en/products/detail/kemet/C320C104K5R5TA/818040 
C8,1,470p,,,,brunofootprintlib:CAP470pf_VY1_Y5U_8X5X12-10_VIS,~,BC2372-ND,https://www.digikey.com/en/products/detail/vishay-beyschlag-draloric-bc-components/VY1471M31Y5UQ63V0/1983411 
C9,1,0.033u,,,,brunofootprintlib:CAP0033uf_C317_KEM,~,399-4236-ND,https://www.digikey.com/en/products/detail/kemet/C317C333K5R5TA/818012 
"H1,H2,H3,H4",4,MountingHole,,Excluded from BOM,,MountingHole:MountingHole_3.2mm_M3,~,N/A,N/A
"J1,J2,J3",3,Conn_01x02_Pin,,,,brunofootprintlib:TermBlock_TE_282837-2,~,A113320-ND,https://www.digikey.com/en/products/detail/te-connectivity-amp-connectors/282837-2/2187973
LS1,1,"8Ohm, 1W Speaker",,,,brunofootprintlib:TermBlock_TE_282837-2,~,A113320-ND,https://www.digikey.com/en/products/detail/te-connectivity-amp-connectors/282837-2/2187973
R1,1,10k,,,,Resistor_THT:R_Axial_DIN0204_L3.6mm_D1.6mm_P5.08mm_Horizontal,~,N/A,N/A
R2,1,10,,,,Resistor_THT:R_Axial_DIN0204_L3.6mm_D1.6mm_P5.08mm_Horizontal,~,N/A,N/A
"RV1,RV2,RV3",3,10k,,,,brunofootprintlib:TRIM_COM_10kPot-09806,~,1568-09806-ND,https://www.digikey.com/en/products/detail/sparkfun-electronics/09806/7319606 
U1,1,LM386,,,,brunofootprintlib:N08E_TEX_lm386,http://www.ti.com/lit/ds/symlink/lm386.pdf,296-43959-5-ND,https://www.digikey.com/en/products/detail/texas-instruments/LM386N-3-NOPB/148191 
